{"cameraMode":{"drawMode":0,"name":"Shaded","section":"Shading Mode"},"sceneLighting":true,"audioPlay":false,"sceneViewState":{"m_AlwaysRefresh":false,"showFog":true,"showSkybox":true,"showFlares":true,"showImageEffects":true,"showParticleSystems":true,"showVisualEffectGraphs":true,"m_FxEnabled":true},"in2DMode":false,"pivot":{"x":-43.63042068481445,"y":-11.945844650268555,"z":-32.371620178222659},"rotation":{"x":0.0742834210395813,"y":-0.8994066119194031,"z":0.16841694712638856,"w":0.39675822854042055},"size":32.711788177490237,"orthographic":false}